id,name,country_id,country_name,country_iso3,capital,lat,lng,population
1,Abidjan,59,CÃ´te d'Ivoire,CIV,1,5.3167,-4.0333,5168966
2,Abuja,161,Nigeria,NGA,1,9.0667,7.4833,3999687
3,Addis Ababa,71,Ethiopia,ETH,1,9.03,38.74,3307856
4,Ahmedabad,103,India,IND,0,23.03,72.58,8995538
5,Alexandria,65,Egypt,EGY,0,31.1975,29.8925,5052786
6,Algiers,3,Algeria,DZA,1,36.7539,3.0589,3364332
7,Amman,114,Jordan,JOR,1,31.9497,35.9328,4016728
8,Ankara,227,Turkey,TUR,1,39.93,32.85,5486227
9,Anqing,45,China,CHN,0,30.5,117.0333,4332407
10,Anshan,45,China,CHN,0,41.1066,122.9895,3824282
11,Athens,86,Greece,GRC,1,37.9842,23.7281,2990605
12,Atlanta,235,United States,USA,0,33.7628,-84.422,5196462
13,Baghdad,106,Iraq,IRQ,1,33.3153,44.3661,6143820
14,Baicheng,45,China,CHN,0,23.901,106.6194,3875840
15,Bangalore,103,India,IND,0,12.9789,77.5917,14521834
16,Bangkok,220,Thailand,THA,1,13.7525,100.4942,19885374
17,Baoding,45,China,CHN,0,38.8671,115.4845,12160275
18,Baojishi,45,China,CHN,0,34.3609,107.1751,3942152
19,Baotou,45,China,CHN,0,40.6562,109.8345,2477934
20,Barcelona,209,Spain,ESP,0,41.3825,2.1769,5248694
21,Bazhou,45,China,CHN,0,31.8576,106.7559,2991488
22,Beijing,45,China,CHN,1,39.904,116.4075,18545457
23,Belo Horizonte,31,Brazil,BRA,0,-19.9167,-43.9333,5322407
24,Bengbu,45,China,CHN,0,32.9354,117.3531,3299184
25,Berlin,83,Germany,DEU,1,52.52,13.405,4198243
26,Bijie,45,China,CHN,0,27.3019,105.2863,6380119
27,Binzhou,45,China,CHN,0,37.3806,118.0125,3795321
28,Birmingham,234,United Kingdom,GBR,0,52.48,-1.9025,2843588
29,Boankra,84,Ghana,GHA,0,6.6944,-1.4028,3068888
30,Bogota,48,Colombia,COL,1,4.7111,-74.0722,8131481
31,Boston,235,United States,USA,0,42.3188,-71.0852,4129518
32,Bozhou,45,China,CHN,0,33.8626,115.7742,5099230
33,Brasilia,31,Brazil,BRA,1,-15.7939,-47.8828,2991553
34,Brooklyn,235,United States,USA,0,40.6501,-73.9496,2642518
35,Budapest,101,Hungary,HUN,1,47.4925,19.0514,3044535
36,Buenos Aires,10,Argentina,ARG,1,-34.5997,-58.3819,17701043
37,Bursa,227,Turkey,TUR,0,40.1833,29.05,2911611
38,Busan,119,South Korea,KOR,0,35.18,129.075,3649963
39,Cairo,65,Egypt,EGY,1,30.0444,31.2358,21613038
40,Cangzhou,45,China,CHN,0,38.3037,116.8452,7441612
41,Casablanca,150,Morocco,MAR,0,33.5333,-7.5833,4693321
42,Changchun,45,China,CHN,0,43.9,125.2,4245118
43,Changde,45,China,CHN,0,29.0397,111.6839,5661661
44,Changsha,45,China,CHN,0,28.1987,112.9709,4704970
45,Changzhi,45,China,CHN,0,36.1953,113.097,3313958
46,Changzhou,45,China,CHN,0,31.8122,119.9692,3636092
47,Chaoyang,45,China,CHN,0,41.5757,120.4486,2926190
48,Chattogram,18,Bangladesh,BGD,0,22.335,91.8325,7244120
49,Chengdu,45,China,CHN,0,30.66,104.0633,15903035
50,Chennai,103,India,IND,0,13.0825,80.275,12062090
51,Chenzhou,45,China,CHN,0,25.7989,113.0267,4542598
52,Chicago,235,United States,USA,0,41.8375,-87.6866,8968932
53,Chifeng,45,China,CHN,0,42.2663,118.9223,4442884
54,Chongqing,45,China,CHN,0,29.55,106.5069,13557954
55,Chuzhou,45,China,CHN,0,32.3062,118.3115,4066503
56,Dalian,45,China,CHN,0,38.9,121.6,5872037
57,Dallas,235,United States,USA,0,32.7935,-96.7667,5186749
58,Daqing,45,China,CHN,0,46.5979,125.008,2862161
59,Dar es Salaam,219,Tanzania,TZA,1,-6.8161,39.2803,7563604
60,Dazhou,45,China,CHN,0,31.2152,107.4947,5636076
61,Delhi,103,India,IND,0,28.61,77.23,33101392
62,Detroit,235,United States,USA,0,42.3834,-83.1024,3585019
63,Deyang,45,China,CHN,0,31.1289,104.395,4041621
64,Dezhou,45,China,CHN,0,37.4513,116.3105,5630567
65,Dhaka,18,Bangladesh,BGD,1,23.7639,90.3889,18740328
66,Dongguan,45,China,CHN,0,23.0475,113.7493,9699137
67,Douala,39,Cameroon,CMR,0,4.05,9.7,5952206
68,Dubai,233,United Arab Emirates,ARE,0,25.2631,55.2972,2777824
69,Faisalabad,168,Pakistan,PAK,0,31.4167,73.0911,3498023
70,Foshan,45,China,CHN,0,23.0292,113.1056,9774635
71,Fuyang,45,China,CHN,0,32.8986,115.8045,7419626
72,Fuzhou,45,China,CHN,0,27.9814,116.3577,3941657
73,Fuzhou,45,China,CHN,0,26.0769,119.2917,3713436
74,Ganzhou,45,China,CHN,0,25.8292,114.9336,9255992
75,Giza,65,Egypt,EGY,0,29.987,31.2118,5666568
76,Guadalajara,143,Mexico,MEX,0,20.6767,-103.3475,5294721
77,Guang'an,45,China,CHN,0,30.4673,106.6336,3282131
78,Guangzhou,45,China,CHN,0,23.13,113.26,28121744
79,Guatemala City,91,Guatemala,GTM,1,14.6099,-90.5252,2928801
80,Guayaquil,64,Ecuador,ECU,0,-2.19,-79.8875,2741669
81,Guigang,45,China,CHN,0,23.0961,109.6092,4166574
82,Guilin,45,China,CHN,0,25.2819,110.2864,4916417
83,Guiyang,45,China,CHN,0,26.5794,106.7078,3194229
84,Haikou,45,China,CHN,0,20.02,110.32,2633552
85,Handan,45,China,CHN,0,36.6116,114.4894,2646715
86,Hangzhou,45,China,CHN,0,30.25,120.1675,9835836
87,Hanoi,241,Vietnam,VNM,1,21.0283,105.8542,7415999
88,Hanzhong,45,China,CHN,0,33.0794,107.026,3371457
89,Harbin,45,China,CHN,0,45.75,126.6333,4042446
90,Hechi,45,China,CHN,0,24.6928,108.085,3789589
91,Hefei,45,China,CHN,0,31.8639,117.2808,4575361
92,Hengshui,45,China,CHN,0,37.7348,115.686,4207777
93,Hengyang,45,China,CHN,0,26.8968,112.5857,7922756
94,Heyuan,45,China,CHN,0,23.7503,114.6923,2894447
95,Heze,45,China,CHN,0,35.2333,115.4333,9164439
96,Ho Chi Minh City,241,Vietnam,VNM,0,10.7756,106.7019,15464814
97,Hohhot,45,China,CHN,0,40.8151,111.6629,3209733
98,Hong Kong,100,Hong Kong,HKG,1,22.3,114.2,7833576
99,Houston,235,United States,USA,0,29.786,-95.3885,5178433
100,Huaihua,45,China,CHN,0,27.5494,109.9592,4695289
101,Huanggang,45,China,CHN,0,30.45,114.875,6099252
102,Huanglongsi,45,China,CHN,0,34.795,114.345,5030302
103,Hyderabad,103,India,IND,0,17.385,78.4867,10583195
104,Ibadan,161,Nigeria,NGA,0,7.3964,3.9167,3674723
105,Incheon,119,South Korea,KOR,0,37.4833,126.6333,2950781
106,Istanbul,227,Turkey,TUR,0,41.0136,28.955,17168067
107,Izmir,227,Turkey,TUR,0,38.42,27.14,4062891
108,Jaipur,103,India,IND,0,26.9,75.8,3054935
109,Jakarta,104,Indonesia,IDN,1,-6.175,106.8275,33878228
110,Jeddah,195,Saudi Arabia,SAU,0,21.5433,39.1728,3827639
111,Ji'an,45,China,CHN,0,27.1172,114.9793,5385546
112,Jiangguanchi,45,China,CHN,0,34.0244,113.8201,4106791
113,Jiangmen,45,China,CHN,0,22.5833,113.0833,5044710
114,Jiaozuo,45,China,CHN,0,35.229,113.2304,3588293
115,Jieyang,45,China,CHN,0,23.5533,116.3649,6720826
116,Jinan,45,China,CHN,0,36.6667,116.9833,5529498
117,Jining,45,China,CHN,0,35.4,116.5667,7272554
118,Jinzhou,45,China,CHN,0,41.1144,121.1292,2807731
119,Jiujiang,45,China,CHN,0,29.7048,116.0021,4796314
120,Johannesburg,206,South Africa,ZAF,0,-26.2044,28.0456,7605138
121,Kabul,1,Afghanistan,AFG,1,34.5253,69.1783,4723851
122,Kano,161,Nigeria,NGA,0,12,8.5167,3737705
123,Kaohsiung,217,Taiwan,TWN,0,22.615,120.2975,2949364
124,Karachi,168,Pakistan,PAK,0,24.86,67.01,16564753
125,Kashan,105,Iran,IRN,0,33.9833,51.4333,4420654
126,Khartoum,211,Sudan,SDN,1,15.5006,32.56,7727982
127,Kinshasa,51,Congo (Kinshasa),COD,1,-4.325,15.3222,12971641
128,Kolkata,103,India,IND,0,22.5675,88.37,20066076
129,Kuala Lumpur,134,Malaysia,MYS,1,3.1478,101.6953,8965544
130,Kunming,45,China,CHN,0,25.0433,102.7061,4574560
131,Kuwait City,120,Kuwait,KWT,1,29.3697,47.9783,2837012
132,Kyiv,232,Ukraine,UKR,1,50.45,30.5233,2945514
133,La Paz,26,Bolivia,BOL,1,-16.5,-68.15,2721401
134,Lagos,161,Nigeria,NGA,0,6.455,3.3841,15855303
135,Lahore,168,Pakistan,PAK,0,31.5497,74.3436,12878564
136,Langfang,45,China,CHN,0,39.5196,116.7006,5664195
137,Lanzhou,45,China,CHN,0,36.0617,103.8318,3102692
138,Leshan,45,China,CHN,0,29.5854,103.7575,3292274
139,Liaocheng,45,China,CHN,0,36.45,115.9833,6050228
140,Lima,174,Peru,PER,1,-12.06,-77.0375,9728682
141,Linfen,45,China,CHN,0,36.0812,111.5087,3994847
142,Linyi,45,China,CHN,0,35.1041,118.3502,10381551
143,Lisbon,178,Portugal,PRT,1,38.7253,-9.15,2785094
144,Liuzhou,45,China,CHN,0,24.3264,109.4281,4208625
145,London,234,United Kingdom,GBR,1,51.5072,-0.1275,12068117
146,Longyan,45,China,CHN,0,25.0881,117.0244,2770662
147,Los Angeles,235,United States,USA,0,34.1141,-118.4068,11612697
148,Loudi,45,China,CHN,0,27.7378,111.9974,3718276
149,Lu'an,45,China,CHN,0,31.7542,116.5078,5522696
150,Luanda,6,Angola,AGO,1,-8.8383,13.2344,9647978
151,Lucknow,103,India,IND,0,26.85,80.95,3395464
152,Luzhou,45,China,CHN,0,28.8918,105.4409,4400718
153,Madrid,209,Spain,ESP,1,40.4169,-3.7033,6698048
154,Malang,104,Indonesia,IDN,0,-7.98,112.62,2506699
155,Manchester,234,United Kingdom,GBR,0,53.4794,-2.2453,2697458
156,Manila,175,Philippines,PHL,1,14.5958,120.9772,25339557
157,Maoming,45,China,CHN,0,21.6618,110.9178,6201350
158,Mashhad,105,Iran,IRN,0,36.3,59.6,3089161
159,Medan,104,Indonesia,IDN,0,3.5894,98.6739,3728131
160,Meishan,45,China,CHN,0,30.0575,103.8381,3131516
161,Meizhou,45,China,CHN,0,24.2998,116.1191,4272232
162,Melbourne,13,Australia,AUS,0,-37.8142,144.9631,4844714
163,Mexico City,143,Mexico,MEX,1,19.4333,-99.1333,20830021
164,Miami,235,United States,USA,0,25.784,-80.2101,5489595
165,Mianyang,45,China,CHN,0,31.4669,104.7385,4718675
166,Minneapolis,235,United States,USA,0,44.9635,-93.2678,2791785
167,Mogadishu,205,Somalia,SOM,1,2.0392,45.3419,4288236
168,Monterrey,143,Mexico,MEX,0,25.6667,-100.3,5481949
169,Montreal,40,Canada,CAN,0,45.5089,-73.5617,3454861
170,Moscow,182,Russia,RUS,1,55.7558,37.6178,17294385
171,Mudanjiang,45,China,CHN,0,44.5861,129.5997,2777910
172,Mumbai,103,India,IND,0,19.0761,72.8775,22344980
173,Nagoya,112,Japan,JPN,0,35.1833,136.9,9039240
174,Nairobi,116,Kenya,KEN,1,-1.2864,36.8172,5974249
175,Nanchang,45,China,CHN,0,28.6842,115.8872,3837422
176,Nanchong,45,China,CHN,0,30.7991,106.0784,6493305
177,Nangandao,45,China,CHN,0,35.2992,113.8851,5714984
178,Nanjing,45,China,CHN,0,32.0608,118.7789,8510137
179,Nanning,45,China,CHN,0,22.8192,108.315,4060384
180,Nanyang,45,China,CHN,0,32.9987,112.5292,9796593
181,Neijiang,45,China,CHN,0,29.5872,105.0635,3751935
182,New York,235,United States,USA,0,40.6943,-73.9249,19322038
183,Ningbo,45,China,CHN,0,29.875,121.5492,3815485
184,Ningde,45,China,CHN,0,26.6617,119.5228,2747304
185,Omdurman,211,Sudan,SDN,0,15.65,32.4833,2944508
186,Osaka,112,Japan,JPN,0,34.6939,135.5022,14131420
187,Paris,76,France,FRA,1,48.8567,2.3522,11422559
188,Philadelphia,235,United States,USA,0,40.0077,-75.1339,5357685
189,Phoenix,235,United States,USA,0,33.5722,-112.0892,4124052
190,Pingdingshan,45,China,CHN,0,33.735,113.2999,4463418
191,Prayagraj,103,India,IND,0,25.4358,81.8464,6040290
192,Pudong,45,China,CHN,0,31.2231,121.5397,6071933
193,Pune,103,India,IND,0,18.5203,73.8567,8546262
194,Putian,45,China,CHN,0,25.4394,119.0103,3188297
195,Puyang,45,China,CHN,0,35.7639,115.03,3507058
196,Pyongyang,118,North Korea,PRK,1,39.0194,125.7381,3015545
197,Qincheng,45,China,CHN,0,34.5809,105.7311,3336080
198,Qingdao,45,China,CHN,0,36.1167,120.4,6365706
199,Qingyuan,45,China,CHN,0,23.6842,113.0507,3561766
200,Qinhuangdao,45,China,CHN,0,39.9398,119.5881,3126936
201,Qinzhou,45,China,CHN,0,21.95,108.6167,3020045
202,Qiqihar,45,China,CHN,0,47.3398,123.9512,5405886
203,Quanzhou,45,China,CHN,0,24.9139,118.5858,9702735
204,Quezon City,175,Philippines,PHL,0,14.63,121.03,3058767
205,Qujing,45,China,CHN,0,25.5102,103.8029,6444718
206,Rangoon,152,Myanmar,MMR,1,16.795,96.16,5092636
207,Rio de Janeiro,31,Brazil,BRA,0,-22.9111,-43.2056,11620100
208,Riyadh,195,Saudi Arabia,SAU,1,24.6333,46.7167,7148476
209,Rizhao,45,China,CHN,0,35.4164,119.4331,3023794
210,Rome,110,Italy,ITA,1,41.8931,12.4828,2996154
211,Saint Petersburg,182,Russia,RUS,0,59.95,30.3167,5686068
212,Salvador,31,Brazil,BRA,0,-12.9747,-38.4767,2880102
213,San Diego,235,United States,USA,0,32.8313,-117.1222,2942227
214,San Francisco,235,United States,USA,0,37.7558,-122.4449,3362131
215,Sanaa,246,Yemen,YEM,1,15.3483,44.2064,2848292
216,Santa Cruz,26,Bolivia,BOL,0,-17.7892,-63.1975,2900847
217,Santiago,44,Chile,CHL,1,-33.4372,-70.6506,7397313
218,Sao Paulo,31,Brazil,BRA,0,-23.55,-46.6333,21238583
219,Seattle,235,United States,USA,0,47.6211,-122.3244,3342859
220,Seoul,119,South Korea,KOR,1,37.56,126.99,21367147
221,Shanghai,45,China,CHN,0,31.1667,121.4667,26596051
222,Shangqiu,45,China,CHN,0,34.4259,115.6467,7770010
223,Shangrao,45,China,CHN,0,28.4419,117.9633,7265068
224,Shantou,45,China,CHN,0,23.3735,116.6941,4312292
225,Shanwei,45,China,CHN,0,22.7664,115.3331,2960735
226,Shaoguan,45,China,CHN,0,24.8011,113.5927,2991568
227,Shaoyang,45,China,CHN,0,27.2418,111.4725,7761436
228,Shenyang,45,China,CHN,0,41.8025,123.4281,8708001
229,Shenzhen,45,China,CHN,0,22.535,114.054,17224848
230,Shijiazhuang,45,China,CHN,0,38.0422,114.5086,4167415
231,Shiyan,45,China,CHN,0,32.6351,110.7755,3060942
232,Singapore,200,Singapore,SGP,1,1.3,103.8,5646487
233,Siping,45,China,CHN,0,43.1715,124.3644,3491278
234,Stuttgart,83,Germany,DEU,0,48.7775,9.18,2999071
235,Suihua,45,China,CHN,0,46.6384,126.9808,5233787
236,Suining,45,China,CHN,0,30.5098,105.5737,3010583
237,Suqian,45,China,CHN,0,33.9331,118.2831,4719642
238,Surabaya,104,Indonesia,IDN,0,-7.2458,112.7378,6721727
239,Surat,103,India,IND,0,21.1702,72.8311,7098376
240,Suzhou,45,China,CHN,0,31.3,120.6194,3743877
241,Suzhou,45,China,CHN,0,33.6333,116.9683,4964058
242,Sydney,13,Australia,AUS,0,-33.8678,151.21,4445460
243,Tai'an,45,China,CHN,0,36.2001,117.0809,4960258
244,Taichung,217,Taiwan,TWN,0,24.1439,120.6794,3166767
245,Taipei,217,Taiwan,TWN,1,25.0375,121.5625,9245714
246,Taiyuan,45,China,CHN,0,37.8733,112.5425,3762596
247,Taizhou,45,China,CHN,0,32.4831,119.9,5199823
248,Tangshan,45,China,CHN,0,39.6292,118.1742,3386881
249,Tehran,105,Iran,IRN,1,35.6892,51.3889,15674083
250,Tianjin,45,China,CHN,0,39.1467,117.2056,11047552
251,Tieling,45,China,CHN,0,42.2841,123.8365,2709691
252,Timbio,48,Colombia,COL,0,2.3445,-76.6839,4323572
253,Tokyo,112,Japan,JPN,1,35.6897,139.6922,36791075
254,Tongliao,45,China,CHN,0,43.6172,122.264,3264269
255,Tongren,45,China,CHN,0,27.7233,109.1885,3164160
256,Tongshan,45,China,CHN,0,34.261,117.1859,8682762
257,Toronto,40,Canada,CAN,0,43.7417,-79.3733,5421872
258,Urumqi,45,China,CHN,0,43.8225,87.6125,3943833
259,Washington,235,United States,USA,1,38.9047,-77.0163,4400285
260,Weihai,45,China,CHN,0,37.5,122.1,3106153
261,Weinan,45,China,CHN,0,34.4996,109.4684,5443955
262,Wenzhou,45,China,CHN,0,27.9991,120.6561,3575004
263,Wuhan,45,China,CHN,0,30.5872,114.2881,10314455
264,Wuhu,45,China,CHN,0,31.334,118.3622,3850391
265,Wuxi,45,China,CHN,0,31.5667,120.2833,3276322
266,Wuzhou,45,China,CHN,0,23.4833,111.3167,3092547
267,Xi'an,45,China,CHN,0,34.2667,108.9,12252322
268,Xiamen,45,China,CHN,0,24.4797,118.0819,3879954
269,Xiangtan,45,China,CHN,0,27.8431,112.9228,2954391
270,Xiangyang,45,China,CHN,0,32.0654,112.1531,5151486
271,Xianyang,45,China,CHN,0,34.35,108.7167,5004385
272,Xiaoganzhan,45,China,CHN,0,30.9273,113.911,4587594
273,Xiaoxita,45,China,CHN,0,30.7083,111.2803,3822199
274,Xingtai,45,China,CHN,0,37.0659,114.4753,6688646
275,Xinpu,45,China,CHN,0,34.5906,119.1801,4688622
276,Xinyang,45,China,CHN,0,32.1264,114.0672,6280482
277,Xinzhou,45,China,CHN,0,38.4178,112.7233,3011812
278,Yancheng,45,China,CHN,0,33.3936,120.1339,7322939
279,Yangzhou,45,China,CHN,0,32.3912,119.4363,4400490
280,Yibin,45,China,CHN,0,28.7596,104.64,4595608
281,Yichun,45,China,CHN,0,27.8041,114.383,5614117
282,Yiyang,45,China,CHN,0,28.5833,112.3333,4539959
283,Yokohama,112,Japan,JPN,0,35.4442,139.6381,3664206
284,Yongzhou,45,China,CHN,0,26.4515,111.5953,5837095
285,Yulin,45,China,CHN,0,22.6293,110.1507,6262819
286,Yulinshi,45,China,CHN,0,38.2655,109.7388,4035990
287,Yuncheng,45,China,CHN,0,35.0304,110.998,5224612
288,Zaozhuang,45,China,CHN,0,34.8667,117.55,3595225
289,Zhangjiakou,45,China,CHN,0,40.8108,114.8811,4222922
290,Zhangzhou,45,China,CHN,0,24.5093,117.6612,5410071
291,Zhanjiang,45,China,CHN,0,21.1967,110.4031,7383832
292,Zhaoqing,45,China,CHN,0,23.05,112.4667,4439454
293,Zhaotong,45,China,CHN,0,27.3328,103.7144,5424523
294,Zhengzhou,45,China,CHN,0,34.7492,113.6605,5491139
295,Zhenjiang,45,China,CHN,0,32.2109,119.4551,3332623
296,Zhongshan,45,China,CHN,0,22.5333,113.35,2958789
297,Zhoukou,45,China,CHN,0,33.625,114.6418,8867381
298,Zhumadian,45,China,CHN,0,32.9773,114.0253,7320050
299,Zhuzhou,45,China,CHN,0,27.8407,113.1469,4029298
300,Zunyi,45,China,CHN,0,27.705,106.9336,6710398
